id,KRAS.Mutation,BRAF.Mutation
CIT273,M,WT
CIT289,M,WT
CIT290,WT,WT
CIT302,WT,WT
CIT445,M,WT
CIT500,WT,WT
CIT001,M,WT
CIT002,WT,WT
CIT047,M,WT
CIT049,M,WT
CIT050,WT,WT
CIT053,M,WT
CIT058,WT,WT
CIT083,WT,WT
CIT087,WT,WT
CIT089,M,WT
CIT092,M,WT
CIT095,M,WT
CIT106,M,WT
CIT108,M,WT
CIT110,WT,WT
CIT250,M,WT
CIT252,WT,WT
CIT253,WT,M
CIT254,WT,WT
CIT256,M,WT
CIT257,M,WT
CIT258,WT,M
CIT260,WT,WT
CIT261,M,WT
CIT262,M,WT
CIT263,M,WT
CIT446,M,WT
CIT481,WT,WT
CIT482,WT,WT
CIT483,WT,WT
CIT485,WT,WT
CIT486,M,WT
CIT043,WT,WT
CIT082,WT,WT
CIT264,WT,M
CIT272,WT,M
CIT541,NA,WT
CIT005,WT,WT
CIT118,WT,WT
CIT051,WT,M
CIT287,M,WT
CIT329,WT,WT
CIT052,WT,M
CIT160,WT,WT
CIT186,M,WT
CIT480,M,WT
CIT523,M,WT
CIT112,M,WT
CIT140,WT,WT
CIT198,M,NA
CIT208,WT,NA
CIT210,M,NA
CIT319,WT,M
CIT477,WT,WT
CIT003,WT,WT
CIT154,NA,NA
CIT179,M,NA
CIT212,WT,NA
CIT216,M,WT
CIT228,WT,M
CIT248,WT,WT
CIT556,M,WT
CIT299,WT,WT
CIT306,WT,M
CIT393,M,WT
CIT028,WT,M
CIT065,WT,WT
CIT361,WT,M
CIT437,M,WT
CIT456,WT,NA
CIT460,M,WT
CIT488,M,WT
CIT291,WT,WT
CIT067,M,WT
CIT199,M,NA
CIT424,M,WT
CIT434,M,WT
CIT438,M,WT
CIT464,WT,M
CIT029,M,WT
CIT279,M,WT
CIT295,M,WT
CIT305,WT,M
CIT391,WT,WT
CIT178,WT,NA
CIT249,WT,WT
CIT131,WT,WT
CIT444,M,WT
CIT459,M,NA
CIT342,NA,NA
CIT365,WT,WT
CIT044,WT,WT
CIT064,WT,WT
CIT150,NA,NA
CIT181,WT,NA
CIT205,M,NA
CIT231,WT,WT
CIT298,WT,WT
CIT301,M,WT
CIT518,WT,WT
CIT394,WT,WT
CIT278,WT,WT
CIT054,M,WT
CIT335,M,WT
CIT364,M,WT
CIT173,M,WT
CIT159,WT,WT
CIT161,WT,M
CIT227,M,WT
CIT232,M,WT
CIT563,WT,WT
CIT034,M,WT
CIT280,WT,WT
CIT294,M,WT
CIT503,WT,WT
CIT141,M,WT
CIT403,WT,WT
CIT304,M,WT
CIT155,NA,NA
CIT225,M,WT
CIT300,WT,WT
CIT315,M,WT
CIT466,M,WT
CIT467,WT,WT
CIT557,M,WT
CIT275,WT,WT
CIT283,WT,WT
CIT284,WT,WT
CIT288,WT,WT
CIT292,NA,NA
CIT293,M,WT
CIT553,WT,WT
CIT060,WT,WT
CIT169,WT,WT
CIT230,M,WT
CIT410,M,WT
CIT479,WT,WT
CIT096,M,WT
CIT142,M,WT
CIT143,WT,WT
CIT277,WT,WT
CIT316,M,WT
CIT032,WT,M
CIT185,WT,NA
CIT217,M,WT
CIT562,M,WT
CIT296,M,WT
CIT297,WT,WT
CIT317,M,WT
CIT033,M,WT
CIT457,WT,WT
CIT285,WT,WT
CIT286,M,WT
CIT333,M,WT
CIT502,M,WT
CIT007,WT,WT
CIT223,WT,WT
CIT399,M,WT
CIT042,M,WT
CIT055,WT,M
CIT157,NA,NA
CIT405,M,WT
CIT413,WT,WT
CIT539,WT,WT
CIT094,M,WT
CIT282,WT,WT
CIT347,WT,WT
CIT162,M,WT
CIT166,NA,NA
CIT224,WT,WT
CIT476,M,WT
CIT478,WT,WT
CIT493,M,WT
CIT494,WT,WT
CIT542,WT,WT
CIT036,WT,WT
CIT270,M,WT
CIT271,M,WT
CIT310,WT,WT
CIT221,M,WT
CIT268,NA,NA
CIT276,M,WT
CIT063,WT,M
CIT090,WT,WT
CIT145,NA,NA
CIT222,M,WT
CIT436,M,WT
CIT340,M,WT
CIT229,WT,WT
CIT465,WT,WT
CIT226,WT,WT
CIT398,WT,WT
CIT527,WT,WT
CIT395,WT,WT
CIT512,WT,WT
CIT431,WT,WT
CIT548,M,WT
CIT039,WT,WT
CIT144,M,WT
CIT281,WT,WT
CIT336,WT,M
CIT338,WT,M
CIT354,M,WT
CIT046,M,WT
CIT163,NA,NA
CIT093,M,WT
CIT098,M,WT
CIT101,WT,WT
CIT125,M,WT
CIT121,M,WT
CIT274,WT,WT
CIT328,M,WT
CIT346,M,WT
CIT177,WT,NA
CIT425,WT,WT
CIT386,WT,WT
CIT147,M,WT
CIT219,M,WT
CIT097,WT,WT
CIT303,M,WT
CIT348,M,WT
CIT463,WT,WT
CIT349,WT,M
CIT491,WT,M
CIT011,M,WT
CIT149,WT,WT
CIT156,NA,NA
CIT452,WT,WT
CIT070,WT,NA
CIT414,WT,WT
CIT561,WT,WT
CIT009,M,WT
CIT081,M,WT
CIT091,M,WT
CIT267,WT,M
CIT530,NA,WT
CIT416,M,WT
CIT251,WT,WT
CIT501,M,WT
CIT008,WT,WT
CIT165,M,WT
CIT332,WT,WT
CIT489,WT,WT
CIT220,WT,WT
CIT020,WT,WT
CIT073,WT,WT
CIT153,WT,WT
CIT164,NA,NA
CIT362,M,WT
CIT209,WT,NA
CIT211,WT,WT
CIT269,WT,WT
CIT330,M,WT
CIT068,WT,WT
CIT417,WT,WT
CIT426,M,WT
CIT183,WT,NA
CIT079,WT,WT
CIT334,WT,WT
CIT204,WT,NA
CIT148,M,WT
CIT207,WT,NA
CIT343,WT,WT
CIT344,M,WT
CIT381,WT,M
CIT389,M,WT
CIT026,M,WT
CIT088,WT,WT
CIT401,WT,WT
CIT526,M,WT
CIT551,WT,M
CIT038,WT,WT
CIT057,WT,WT
CIT061,M,WT
CIT105,WT,WT
CIT130,WT,WT
CIT320,M,WT
CIT331,WT,WT
CIT435,WT,M
CIT119,WT,WT
CIT322,WT,M
CIT135,M,WT
CIT182,WT,NA
CIT517,M,WT
CIT017,WT,WT
CIT019,WT,WT
CIT109,WT,WT
CIT146,NA,NA
CIT158,WT,M
CIT324,M,WT
CIT341,M,WT
CIT358,WT,M
CIT379,WT,WT
CIT136,M,WT
CIT259,M,WT
CIT409,M,WT
CIT555,WT,WT
CIT025,M,WT
CIT312,M,WT
CIT448,WT,WT
CIT487,WT,WT
CIT384,WT,WT
CIT021,M,WT
CIT532,M,WT
CIT077,NA,NA
CIT078,M,WT
CIT080,NA,NA
CIT241,WT,M
CIT337,M,WT
CIT380,WT,WT
CIT086,M,WT
CIT321,WT,M
CIT326,M,WT
CIT327,WT,WT
CIT074,WT,M
CIT323,WT,M
CIT387,M,WT
CIT484,M,WT
CIT023,WT,WT
CIT069,WT,WT
CIT246,WT,WT
CIT458,WT,WT
CIT471,WT,WT
CIT474,WT,WT
CIT124,M,WT
CIT369,M,WT
CIT400,WT,WT
CIT244,WT,WT
CIT247,WT,WT
CIT475,M,WT
CIT122,WT,WT
CIT035,WT,WT
CIT075,NA,NA
CIT085,M,WT
CIT174,WT,WT
CIT472,WT,WT
CIT018,M,WT
CIT037,M,WT
CIT196,M,NA
CIT325,WT,WT
CIT350,WT,WT
CIT447,M,WT
CIT184,M,NA
CIT242,M,WT
CIT255,WT,WT
CIT266,WT,WT
CIT318,WT,M
CIT538,WT,WT
CIT024,WT,M
CIT103,WT,M
CIT469,M,WT
CIT537,M,WT
CIT076,WT,WT
CIT102,WT,M
CIT151,WT,WT
CIT309,WT,M
CIT138,M,WT
CIT176,M,WT
CIT339,M,WT
CIT180,WT,WT
CIT392,M,WT
CIT473,M,WT
CIT564,WT,WT
CIT010,M,WT
CIT013,WT,WT
CIT084,WT,WT
CIT170,NA,NA
CIT429,WT,WT
CIT442,WT,WT
CIT520,WT,WT
CIT015,M,WT
CIT265,WT,M
CIT314,WT,M
CIT525,WT,WT
CIT190,M,NA
CIT197,WT,WT
CIT243,WT,WT
CIT560,M,WT
CIT366,M,WT
CIT139,M,WT
CIT245,WT,WT
CIT311,WT,WT
CIT531,M,WT
CIT030,WT,WT
CIT031,WT,WT
CIT114,M,WT
CIT536,WT,WT
CIT134,WT,WT
CIT385,WT,WT
CIT522,WT,WT
CIT524,M,WT
CIT107,M,WT
CIT462,WT,WT
CIT535,WT,WT
CIT167,NA,NA
CIT390,WT,M
CIT511,M,WT
CIT543,WT,WT
CIT006,WT,WT
CIT045,WT,WT
CIT214,WT,NA
CIT237,M,WT
CIT240,M,WT
CIT308,WT,WT
CIT004,WT,WT
CIT137,WT,WT
CIT382,WT,WT
CIT499,WT,M
CIT533,M,WT
CIT534,WT,WT
CIT396,WT,WT
CIT016,WT,WT
CIT168,WT,WT
CIT375,WT,WT
CIT388,WT,WT
CIT498,M,WT
CIT510,M,WT
CIT529,M,WT
CIT040,WT,WT
CIT307,WT,WT
CIT383,M,WT
CIT528,WT,WT
CIT565,WT,WT
CIT195,M,NA
CIT206,WT,NA
CIT378,WT,M
CIT072,M,WT
CIT363,M,WT
CIT373,WT,WT
CIT372,WT,WT
CIT132,WT,WT
CIT313,M,WT
CIT449,WT,WT
CIT367,WT,WT
CIT377,WT,WT
CIT516,WT,WT
CIT402,WT,WT
CIT415,WT,WT
CIT470,WT,WT
CIT521,M,WT
CIT066,M,WT
CIT104,WT,WT
CIT351,WT,WT
CIT368,M,WT
CIT421,WT,WT
CIT238,WT,WT
CIT360,WT,M
CIT371,WT,WT
CIT432,WT,WT
CIT359,M,WT
CIT509,WT,WT
CIT171,M,WT
CIT370,M,WT
CIT514,WT,WT
CIT014,M,WT
CIT175,M,WT
CIT374,M,WT
CIT422,WT,WT
CIT508,WT,WT
CIT513,M,WT
CIT554,WT,WT
CIT027,WT,M
CIT133,WT,WT
CIT376,WT,M
CIT420,WT,WT
CIT519,M,WT
CIT506,M,WT
CIT041,WT,M
CIT048,M,WT
CIT418,WT,WT
CIT430,M,WT
CIT443,WT,WT
CIT059,M,WT
CIT357,WT,WT
CIT454,WT,WT
CIT100,WT,M
CIT352,WT,WT
CIT412,WT,WT
CIT427,WT,WT
CIT099,WT,WT
CIT172,WT,WT
CIT203,M,WT
CIT433,M,WT
CIT012,M,WT
CIT071,WT,WT
CIT353,WT,WT
CIT411,M,WT
CIT423,M,WT
CIT504,WT,WT
CIT505,WT,WT
CIT129,WT,WT
CIT218,WT,WT
CIT356,WT,WT
CIT495,WT,WT
CIT406,M,WT
CIT496,WT,M
CIT566,M,WT
CIT497,M,WT
CIT056,M,WT
CIT152,NA,NA
CIT408,M,WT
CIT453,WT,WT
CIT468,WT,WT
CIT345,WT,WT
CIT441,M,WT
CIT355,WT,WT
CIT428,WT,WT
CIT450,WT,WT
CIT545,WT,WT
CIT440,WT,WT
CIT234,WT,WT
CIT022,M,WT
CIT194,WT,NA
CIT200,WT,NA
CIT062,WT,WT
CIT419,M,WT
CIT201,WT,NA
CIT559,WT,WT
CIT126,M,WT
CIT202,M,NA
CIT239,M,WT
CIT188,WT,WT
CIT235,M,WT
CIT455,M,NA
CIT127,WT,WT
CIT192,M,NA
CIT128,WT,WT
CIT215,WT,NA
CIT546,WT,WT
CIT193,WT,NA
CIT451,WT,WT
CIT397,M,WT
CIT552,M,WT
CIT189,WT,NA
CIT191,WT,WT
CIT407,M,WT
CIT404,WT,WT
CIT550,WT,WT
CIT540,WT,WT
CIT549,WT,WT
CIT461,WT,WT
CIT547,WT,WT
CIT439,WT,WT
CIT120,WT,WT
CIT187,WT,WT
CIT236,M,WT
CIT117,M,WT
CIT213,WT,NA
CIT123,WT,WT
CIT116,WT,M
CIT111,WT,WT
CIT115,WT,WT
CIT233,WT,WT
CIT113,M,WT
CIT490,M,WT
CIT492,WT,M
CIT507,M,WT
CIT515,WT,M
CIT544,WT,WT
CIT558,WT,WT
